Ref,Value,QTY PER,Footprint,Description,Link,Manufacturer,Manufacturer PN,Part No.,
BT101 ,CR1220,1,Oddities:BC501SM_CR1220_BAT_Handsolder,CR1220 BATTERY HOLDER,<a href="https://www.digikey.com/products/en?keywords=BC501SM-ND">Link</a>,Memory Protection Devices,BC501SM,BC501SM-ND
C106 C101 C102 C104 ,10uF,4,Capacitors_SMD:C_0805,CAP CER 10UF 25V X5R 0805,<a href="https://www.digikey.com/products/en?keywords=490-5523-1-ND">Link</a>,Murata Electronics,GRM21BR61E106KA73L,490-5523-1-ND
C108 C107 C103 C109 C110 ,100nF,5,Capacitors_SMD:C_0805,CAP CER 0.1UF 50V X7R 0805,<a href="https://www.digikey.com/products/en?keywords=478-1395-1-ND">Link</a>,AVX Corporation,08055C104KAT2A,478-1395-1-ND
D101 D108 D109 ,MSS1P4-M3_89A,3,Diodes_SMD:DO-219AD,DIODE SCHOTTKY 40V 1A MICROSMP,<a href="https://www.digikey.com/products/en?keywords=MSS1P4-M3/89AGICT-ND">Link</a>,Vishay General Semiconductor,MSS1P4-M3/89A,MSS1P4-M3/89AGICT-ND
D103 D104 D105 D106 D107 ,CG0603MLC-05LECT-ND,5,Resistors_SMD:R_0603,VARISTOR 0603,<a href="https://www.digikey.com/products/en?keywords=CG0603MLC-05LECT-ND">Link</a>,Bourns Inc.,CG0603MLC-05LE,CG0603MLC-05LECT-ND
D102 ,LED,1,LEDs:LED_0805,LED RED CLEAR 0805 SMD,<a href="https://www.digikey.com/products/en?keywords=732-4984-1-ND">Link</a>,Würth Elektronik,150080RS75000,732-4984-1-ND
J102 ,DB9 Female,1,Connect:DB9F_CI,TBD,<a href="https://www.digikey.com/products/en?keywords=609-1525-ND">Link</a>,TBD,TBD,609-1525-ND
J103 ,To Antenna,1,Connect:CON-SMA-EDGE-S,TBD,<a href="https://www.digikey.com/products/en?keywords=CON-SMA-EDGE-S-ND">Link</a>,TBD,TBD,CON-SMA-EDGE-S-ND
J101 ,To Radio,1,Connect:CON-SMA-EDGE-S,TBD,<a href="https://www.digikey.com/products/en?keywords=CON-SMA-EDGE-S-ND">Link</a>,TBD,TBD,CON-SMA-EDGE-S-ND
J108 ,Controlled Power,1,Wire_Pads:SolderWirePad_2x_1-5mmDrill_Polarized, ,np, , ,np
J104 J105 ,Conn_01x08,2,Pin_Headers:Pin_Header_Straight_1x08, ,np, , ,np
J109 J110 ,Conn_01x01,2,Pin_Headers:Pin_Header_Straight_1x01, ,np, , ,np
J107 ,External Power Source,1,Wire_Pads:SolderWirePad_2x_1-5mmDrill_Polarized, ,np, , ,np
J106 ,Logic Level,1,Pin_Headers:Pin_Header_Straight_1x04, ,np, , ,np
J112 ,Conn_01x06,1,Pin_Headers:Pin_Header_Angled_1x06,TBD,<a href="https://www.digikey.com/products/en?keywords=929550-01-06-ND">Link</a>,TBD,TBD,929550-01-06-ND
J111 ,DB9_Male,1,Connect:DB9F_CI,TBD,<a href="https://www.digikey.com/products/en?keywords=609-5908-ND">Link</a>,TBD,TBD,609-5908-ND
MOD101 ,Arduino Pro Mini (5V Version),1,Modules:Arduino_Pro_Mini,ARDUINO PRO MINI 328 5V/16MHZ,<a href="https://www.digikey.com/products/en?keywords=1568-1055-ND">Link</a>,SparkFun Electronics,DEV-11113,1568-1055-ND
P101 ,ISP/PDI,1,Pin_Headers:SM_Pin_Header_Straight_2x03,TBD,<a href="https://www.digikey.com/products/en?keywords=609-3487-1-ND">Link</a>,TBD,TBD,609-3487-1-ND
PCB201 ,Printed Circuit Board,1,Oddities:Dummy_Empty, ,np, , ,np
Q102 ,LMN400E01,1,TO_SOT_Packages_SMD:SOT-363-0.65,MCU LOAD SWITCH 400MA SOT-363,<a href="https://www.digikey.com/products/en?keywords=LMN400E01DICT-ND">Link</a>,Diodes Incorporated,LMN400E01-7,LMN400E01DICT-ND
Q101 Q103 Q104 ,PN2222A,3,TO_SOT_Packages_SMD:SOT-23,TRANS NPN 40V 0.6A SOT23,<a href="https://www.digikey.com/products/en?keywords=MMBT2222ATPMSCT-ND">Link</a>,Micro Commercial Co,MMBT2222A-TP,MMBT2222ATPMSCT-ND
R103 R104 R108 R111 R109 R112 ,10k,6,Resistors_SMD:R_0805,RES SMD 10K OHM 1% 1/8W 0805,<a href="https://www.digikey.com/products/en?keywords=311-10.0KCRCT-ND">Link</a>,Yageo,RC0805FR-0710KL,311-10.0KCRCT-ND
R107 ,162k,1,Resistors_SMD:R_0805,RES SMD 162K OHM 1% 1/8W 0805,<a href="https://www.digikey.com/products/en?keywords=311-162KCRCT-ND">Link</a>,Yageo,RC0805FR-07162KL,311-162KCRCT-ND
R101 R106 ,100k,2,Resistors_SMD:R_0805,RES SMD 100K OHM 1% 1/8W 0805,<a href="https://www.digikey.com/products/en?keywords=311-100KCRCT-ND">Link</a>,Yageo,RC0805FR-07100KL,311-100KCRCT-ND
R105 ,1M,1,Resistors_SMD:R_0805,RES 1M OHM 1% 1/8W 0805,<a href="https://www.digikey.com/products/en?keywords=RMCF0805FT1M00CT-ND">Link</a>,Stackpole Electronics Inc,RMCF0805FT1M00,RMCF0805FT1M00CT-ND
R102 ,2.2k,1,Resistors_SMD:R_0805,RES SMD 2.2K OHM 1% 1/8W 0805,<a href="https://www.digikey.com/products/en?keywords=311-2.20KCRCT-ND">Link</a>,Yageo,RC0805FR-072K2L,311-2.20KCRCT-ND
R110 ,10,1,Resistors_SMD:R_0805,RES SMD 10 OHM 1% 1/8W 0805,<a href="https://www.digikey.com/products/en?keywords=311-10.0CRCT-ND">Link</a>,Yageo,RC0805FR-0710RL,311-10.0CRCT-ND
R113 ,210k,1,Resistors_SMD:R_0805,RES SMD 210K OHM 1% 1/8W 0805,<a href="https://www.digikey.com/products/en?keywords=311-210KCRCT-ND">Link</a>,Yageo,RC0805FR-07210KL,311-210KCRCT-ND
R114 ,470,1,Resistors_SMD:R_0805,RES SMD 470 OHM 1% 1/8W 0805,<a href="https://www.digikey.com/products/en?keywords=311-470CRCT-ND">Link</a>,Yageo,RC0805FR-07470RL,311-470CRCT-ND
RV101 ,10k,1,Potentiometers:Potentiometer_ST32ET_Handsolder,TRIMMER 10K OHM 0.1W J LEAD TOP,<a href="https://www.digikey.com/products/en?keywords=TC33X-103ECT-ND">Link</a>,Bourns Inc.,TC33X-2-103E,TC33X-103ECT-ND
SJ103 SJ104 SJ105 SJ106 SJ107 SJ108 SJ101 SJ102 ,SolderJumper_2_Open,8,Wire_Connections_Bridges:Solder-Jumper-NO-SMD-Pad_Small, ,np, , ,np
SJ110 ,SolderJumper_3_Bridged12,1,Wire_Connections_Bridges:Solder-Jumperx3-NC_1-2_SMD-Pad_Small, ,np, , ,np
SW101 ,SPST_small,1,Buttons_Switches_SMD:PTS645SL50SMTR92,SWITCH TACTILE SPST-NO 0.05A 12V,<a href="https://www.digikey.com/products/en?keywords=CKN9088CT-ND">Link</a>,C&K,PTS645SL50SMTR92 LFS,CKN9088CT-ND
SW102 ,5V/12V,1,Buttons_Switches_SMD:SW_SPDT_PCM12,SWITCH SLIDE SPDT 300MA 6V,<a href="https://www.digikey.com/products/en?keywords=401-2016-1-ND">Link</a>,C&K,PCM12SMTR,401-2016-1-ND
TP101 ,I2C,1,Pin_Headers:Pin_Header_Straight_1x03, ,np, , ,np
U103 ,RV-3028-C7,1,Oddities:RV-3028-C7,IC RTC CLK/CALENDAR I2C 8-SMT,<a href="https://www.digikey.com/products/en?keywords=2195-RV-3028-C732.768KHZ1PPM-TA-QCCT-ND">Link</a>,Micro Crystal AG,RV-3028-C7 32.768KHZ 1PPM-TA-QC,2195-RV-3028-C732.768KHZ1PPM-TA-QCCT-ND
U104 ,F1975,1,Housings_DFN_QFN:QFN-20-1EP_4x4mm_Pitch0.5mm,RF ATTENUATOR 31DB 75OHM 20WFQFN,<a href="https://www.digikey.com/products/en?keywords=800-3576-ND">Link</a>,Renesas Electronics America Inc,F1975NCGI,800-3576-ND
U102 ,CD74HC4050M96,1,Housings_SOIC:SOIC-16_3.9x9.9mm_Pitch1.27mm,IC BUFFER NON-INVERT 6V 16SOIC,<a href="https://www.digikey.com/products/en?keywords=296-14529-1-ND">Link</a>,Texas Instruments,CD74HC4050M96,296-14529-1-ND
U101 ,MIC5219-3.3YM5,1,TO_SOT_Packages_SMD:SOT-23-5,IC REG LINEAR 3.3V 500MA SOT23-5,<a href="https://www.digikey.com/products/en?keywords=576-1281-1-ND ">Link</a>,Microchip Technology,MIC5219-3.3YM5-TR,576-1281-1-ND 
W101 W102 ,CONN_01X01,2,Pin_Headers:Pin_Header_Straight_1x01, ,np, , ,np
